aluno_id,aluno_nome,codigo,nome,cargaHoraria,periodo_cursado,situacao
1,Ana Beatriz Nunes,IMD1004,PENSAMENTO COMPUTACIONAL,60,2025.1,APROVADO
1,Ana Beatriz Nunes,IMD1001,MATEMÁTICA ELEMENTAR,60,2025.1,APROVADO
1,Ana Beatriz Nunes,IMD1002,ANÁLISE COMBINATÓRIA,30,2025.1,APROVADO
1,Ana Beatriz Nunes,IMD0017,PRÁTICAS DE LEITURA E ESCRITA EM PORTUGUÊS I,30,2025.1,APROVADO
1,Ana Beatriz Nunes,IMD0018,PRÁTICAS DE LEITURA EM INGLÊS,30,2025.1,APROVADO
1,Ana Beatriz Nunes,IMD0020,TECNOLOGIA DA INFORMAÇÃO E SOCIEDADE,30,2025.1,APROVADO
2,Bruno Cavalcante Lima,IMD1004,PENSAMENTO COMPUTACIONAL,60,2023.1,APROVADO
2,Bruno Cavalcante Lima,IMD1001,MATEMÁTICA ELEMENTAR,60,2023.1,APROVADO
2,Bruno Cavalcante Lima,IMD1002,ANÁLISE COMBINATÓRIA,30,2023.1,APROVADO
2,Bruno Cavalcante Lima,IMD0017,PRÁTICAS DE LEITURA E ESCRITA EM PORTUGUÊS I,30,2023.1,APROVADO
2,Bruno Cavalcante Lima,IMD0018,PRÁTICAS DE LEITURA EM INGLÊS,30,2023.1,APROVADO
2,Bruno Cavalcante Lima,IMD0020,TECNOLOGIA DA INFORMAÇÃO E SOCIEDADE,30,2023.1,APROVADO
2,Bruno Cavalcante Lima,IMD1012,INTRODUÇÃO ÀS TÉCNICAS DE PROGRAMAÇÃO,90,2023.2,APROVADO
2,Bruno Cavalcante Lima,IMD0030,LINGUAGEM DE PROGRAMAÇÃO I,60,2024.1,APROVADO
2,Bruno Cavalcante Lima,IMD0029,ESTRUTURA DE DADOS BÁSICAS I,60,2024.1,REPROVADO_NOTA
2,Bruno Cavalcante Lima,IMD0024,CÁLCULO DIFERENCIAL E INTEGRAL I,90,2024.1,APROVADO
2,Bruno Cavalcante Lima,IMD0028,FUNDAMENTOS MATEMÁTICOS DA COMPUTAÇÃO I,90,2024.2,APROVADO
2,Bruno Cavalcante Lima,IMD0121,ARQUITETURA DE COMPUTADORES,60,2024.2,APROVADO
2,Bruno Cavalcante Lima,IMD0033,PROBABILIDADE,60,2025.1,TRANCADO
2,Bruno Cavalcante Lima,IMD0029,ESTRUTURA DE DADOS BÁSICAS I,60,2025.1,REPROVADO_FALTA
3,Carla Dutra Siqueira,IMD1004,PENSAMENTO COMPUTACIONAL,60,2022.1,APROVADO
3,Carla Dutra Siqueira,IMD1001,MATEMÁTICA ELEMENTAR,60,2022.1,APROVADO
3,Carla Dutra Siqueira,IMD1002,ANÁLISE COMBINATÓRIA,30,2022.1,APROVADO
3,Carla Dutra Siqueira,IMD0017,PRÁTICAS DE LEITURA E ESCRITA EM PORTUGUÊS I,30,2022.1,APROVADO
3,Carla Dutra Siqueira,IMD0018,PRÁTICAS DE LEITURA EM INGLÊS,30,2022.1,APROVADO
3,Carla Dutra Siqueira,IMD0020,TECNOLOGIA DA INFORMAÇÃO E SOCIEDADE,30,2022.1,APROVADO
3,Carla Dutra Siqueira,IMD1012,INTRODUÇÃO ÀS TÉCNICAS DE PROGRAMAÇÃO,90,2022.2,APROVADO
3,Carla Dutra Siqueira,IMD0030,LINGUAGEM DE PROGRAMAÇÃO I,60,2023.1,APROVADO
3,Carla Dutra Siqueira,IMD0040,LINGUAGEM DE PROGRAMAÇÃO II,60,2023.1,APROVADO
3,Carla Dutra Siqueira,IMD0029,ESTRUTURA DE DADOS BÁSICAS I,60,2023.1,APROVADO
3,Carla Dutra Siqueira,IMD0039,ESTRUTURAS DE DADOS BÁSICAS II,60,2023.2,APROVADO
3,Carla Dutra Siqueira,IMD0024,CÁLCULO DIFERENCIAL E INTEGRAL I,90,2023.1,APROVADO
3,Carla Dutra Siqueira,IMD0028,FUNDAMENTOS MATEMÁTICOS DA COMPUTAÇÃO I,90,2023.2,APROVADO
3,Carla Dutra Siqueira,IMD0038,FUNDAMENTOS MATEMÁTICOS DA COMPUTAÇÃO II,90,2024.1,APROVADO
3,Carla Dutra Siqueira,IMD0033,PROBABILIDADE,60,2024.1,APROVADO
3,Carla Dutra Siqueira,IMD0121,ARQUITETURA DE COMPUTADORES,60,2023.2,APROVADO
3,Carla Dutra Siqueira,IMD0043,REDES DE COMPUTADORES,60,2024.1,APROVADO
3,Carla Dutra Siqueira,IMD0401,BANCO DE DADOS,60,2024.2,APROVADO
3,Carla Dutra Siqueira,IMD1101,APRENDIZADO DE MÁQUINA,60,2025.1,APROVADO
