codigo,nome,cargaHoraria,preRequisito,setor,categoria,pes,turma,docente,modalidade,dia_horario,vagas
IMD1004,PENSAMENTO COMPUTACIONAL,60,,INSTITUTO METROPOLE DIGITAL,Fundamentos,,T01,Profa. Camila Nogueira,Presencial,SEG/QUA 08:00-10:00,15
IMD1001,MATEMÁTICA ELEMENTAR,60,,INSTITUTO METROPOLE DIGITAL,Fundamentos,,T02,Prof. Rafael Andrade,Presencial,SEG/QUA 10:00-12:00,22
IMD1002,ANÁLISE COMBINATÓRIA,30,,INSTITUTO METROPOLE DIGITAL,Fundamentos,,T03,Profa. Juliana Farias,Presencial,TER/QUI 08:00-10:00,29
IMD0017,PRÁTICAS DE LEITURA E ESCRITA EM PORTUGUÊS I,30,,INSTITUTO METROPOLE DIGITAL,Fundamentos,,T01,Prof. Thiago Medeiros,Hibrido,TER/QUI 10:00-12:00,36
IMD0018,PRÁTICAS DE LEITURA EM INGLÊS,30,,INSTITUTO METROPOLE DIGITAL,Fundamentos,,T02,Profa. Larissa Dantas,Remoto,SEG/QUA 14:00-16:00,43
IMD0020,TECNOLOGIA DA INFORMAÇÃO E SOCIEDADE,30,,INSTITUTO METROPOLE DIGITAL,Fundamentos,,T03,Prof. Eduardo Câmara,Presencial,TER/QUI 14:00-16:00,20
IMD1012,INTRODUÇÃO ÀS TÉCNICAS DE PROGRAMAÇÃO,90,IMD1004 OU IMD0019 OU DIM0123,INSTITUTO METROPOLE DIGITAL,Programacao,,T01,Profa. Beatriz Pontes,Presencial,SEG/QUA 16:00-18:00,27
IMD0030,LINGUAGEM DE PROGRAMAÇÃO I,60,IMD0012 OU DIM0118 OU IMD1012 OU DIM0133 OU DIM0151,INSTITUTO METROPOLE DIGITAL,Programacao,,T02,Prof. Gustavo Azevedo,Presencial,TER/QUI 16:00-18:00,34
IMD0040,LINGUAGEM DE PROGRAMAÇÃO II,60,( IMD0030 OU DIM0120 OU DIM0176 ),INSTITUTO METROPOLE DIGITAL,Programacao,,T03,Profa. Renata Bezerra,Hibrido,SEG/QUA 19:00-21:00,41
IMD0029,ESTRUTURA DE DADOS BÁSICAS I,60,IMD0012 OU DIM0118 OU IMD1012 OU DIM0133 OU DIM0151,INSTITUTO METROPOLE DIGITAL,Estruturas de Dados,,T01,Prof. Marcelo Fontes,Remoto,TER/QUI 19:00-21:00,18
IMD0039,ESTRUTURAS DE DADOS BÁSICAS II,60,( IMD0029 OU DIM0119 ),INSTITUTO METROPOLE DIGITAL,Estruturas de Dados,,T02,Profa. Camila Nogueira,Presencial,QUA/SEX 19:00-21:00,25
IMD0024,CÁLCULO DIFERENCIAL E INTEGRAL I,90,( IMD0019 OU IMD1001 ),INSTITUTO METROPOLE DIGITAL,Matematica,,T03,Prof. Rafael Andrade,Presencial,SEG/QUA/SEX 08:00-09:40,32
IMD0028,FUNDAMENTOS MATEMÁTICOS DA COMPUTAÇÃO I,90,( IMD0019 ) OU ( IMD1001 E IMD1002 ),INSTITUTO METROPOLE DIGITAL,Matematica,,T01,Profa. Juliana Farias,Presencial,SEG/QUA 08:00-10:00,39
IMD0038,FUNDAMENTOS MATEMÁTICOS DA COMPUTAÇÃO II,90,( IMD0028 ),INSTITUTO METROPOLE DIGITAL,Matematica,,T02,Prof. Thiago Medeiros,Hibrido,SEG/QUA 10:00-12:00,16
IMD0033,PROBABILIDADE,60,IMD0024 E ( IMD1002 OU IMD0019 ),INSTITUTO METROPOLE DIGITAL,Matematica,,T03,Profa. Larissa Dantas,Remoto,TER/QUI 08:00-10:00,23
IMD0121,ARQUITETURA DE COMPUTADORES,60,IMD0012 OU DIM0118 OU IMD1012 OU DIM0133 OU DCA1202 OU DIM0151,INSTITUTO METROPOLE DIGITAL,Sistemas e Infraestrutura,,T01,Prof. Eduardo Câmara,Presencial,TER/QUI 10:00-12:00,30
IMD0036,SISTEMAS OPERACIONAIS,60,( IMD0021 OU IMD0041 OU IMD0121 OU DIM0127 OU DIM0431 OU DCA0104 ),INSTITUTO METROPOLE DIGITAL,Sistemas e Infraestrutura,,T02,Profa. Beatriz Pontes,Presencial,SEG/QUA 14:00-16:00,37
IMD0043,REDES DE COMPUTADORES,60,( IMD0021 OU IMD0041 OU IMD0121 OU DCA0104 ),INSTITUTO METROPOLE DIGITAL,Redes e Seguranca,,T03,Prof. Gustavo Azevedo,Presencial,TER/QUI 14:00-16:00,44
IMD0703,SEGURANÇA DE REDES,60,,INSTITUTO METROPOLE DIGITAL,Redes e Seguranca,,T01,Profa. Renata Bezerra,Hibrido,SEG/QUA 16:00-18:00,21
IMD0718,FORENSE COMPUTACIONAL,60,IMD0043 OU DCA0130,INSTITUTO METROPOLE DIGITAL,Redes e Seguranca,,T02,Prof. Marcelo Fontes,Remoto,TER/QUI 16:00-18:00,28
IMD0401,BANCO DE DADOS,60,IMD0040 OU DIM0116 OU DCA1202 OU DIM0176,INSTITUTO METROPOLE DIGITAL,Sistemas de Informacao e Web,,T03,Profa. Camila Nogueira,Presencial,SEG/QUA 19:00-21:00,35
IMD0404,DESENVOLVIMENTO DE SISTEMAS WEB I,60,( IMD0030 OU DCA1202 ),INSTITUTO METROPOLE DIGITAL,Sistemas de Informacao e Web,,T01,Prof. Rafael Andrade,Presencial,TER/QUI 19:00-21:00,42
IMD0409,DESENVOLVIMENTO DE SISTEMAS WEB II,60,,INSTITUTO METROPOLE DIGITAL,Sistemas de Informacao e Web,,T02,Profa. Juliana Farias,Presencial,QUA/SEX 19:00-21:00,19
IMD0405,FUNDAMENTOS DE SISTEMAS DE INFORMAÇÃO,60,,INSTITUTO METROPOLE DIGITAL,Sistemas de Informacao e Web,,T03,Prof. Thiago Medeiros,Hibrido,SEG/QUA/SEX 08:00-09:40,26
IMD0408,PROCESSOS DE SOFTWARE,60,,INSTITUTO METROPOLE DIGITAL,Sistemas de Informacao e Web,,T01,Profa. Larissa Dantas,Remoto,SEG/QUA 08:00-10:00,33
IMD0250,TÓPICOS ESPECIAIS EM INFORMÁTICA EDUCACIONAL A,60,,INSTITUTO METROPOLE DIGITAL,Informática Educacional,edu,T02,Prof. Eduardo Câmara,Presencial,SEG/QUA 10:00-12:00,40
IMD0260,TÓPICOS ESPECIAIS EM BIOINFORMÁTICA A,60,,INSTITUTO METROPOLE DIGITAL,Bioinformática,bio,T03,Profa. Beatriz Pontes,Presencial,TER/QUI 08:00-10:00,17
IMD0264,TÓPICOS ESPECIAIS EM BIOINFORMÁTICA E,60,,INSTITUTO METROPOLE DIGITAL,Bioinformática,bio,T01,Prof. Gustavo Azevedo,Presencial,TER/QUI 10:00-12:00,24
IMD0265,TÓPICOS ESPECIAIS EM BIOINFORMÁTICA F,60,,INSTITUTO METROPOLE DIGITAL,Bioinformática,bio,T02,Profa. Renata Bezerra,Hibrido,SEG/QUA 14:00-16:00,31
IMD0280,TÓPICOS ESPECIAIS EM PRODUÇÃO DE JOGOS DIGITAIS A,60,,INSTITUTO METROPOLE DIGITAL,Jogos Digitais,jogos,T03,Prof. Marcelo Fontes,Remoto,TER/QUI 14:00-16:00,38
IMD0282,TÓPICOS ESPECIAIS EM PRODUÇÃO DE JOGOS DIGITAIS C,60,,INSTITUTO METROPOLE DIGITAL,Jogos Digitais,jogos,T01,Profa. Camila Nogueira,Presencial,SEG/QUA 16:00-18:00,15
IMD0284,TÓPICOS ESPECIAIS EM PRODUÇÃO DE JOGOS DIGITAIS E,30,,INSTITUTO METROPOLE DIGITAL,Jogos Digitais,jogos,T02,Prof. Rafael Andrade,Presencial,TER/QUI 16:00-18:00,22
IMD0285,TÓPICOS ESPECIAIS EM PRODUÇÃO DE JOGOS DIGITAIS F,30,,INSTITUTO METROPOLE DIGITAL,Jogos Digitais,jogos,T03,Profa. Juliana Farias,Presencial,SEG/QUA 19:00-21:00,29
IMD0290,TÓPICOS ESPECIAIS EM INTERNET DAS COISAS A,60,,INSTITUTO METROPOLE DIGITAL,Internet das Coisas,iot,T01,Prof. Thiago Medeiros,Hibrido,TER/QUI 19:00-21:00,36
IMD0291,TÓPICOS ESPECIAIS EM INTERNET DAS COISAS B,60,,INSTITUTO METROPOLE DIGITAL,Internet das Coisas,iot,T02,Profa. Larissa Dantas,Remoto,QUA/SEX 19:00-21:00,43
IMD0292,TÓPICOS ESPECIAIS EM INTERNET DAS COISAS C,60,,INSTITUTO METROPOLE DIGITAL,Internet das Coisas,iot,T03,Prof. Eduardo Câmara,Presencial,SEG/QUA/SEX 08:00-09:40,20
IMD0293,TÓPICOS ESPECIAIS EM INTERNET DAS COISAS D,60,,INSTITUTO METROPOLE DIGITAL,Internet das Coisas,iot,T01,Profa. Beatriz Pontes,Presencial,SEG/QUA 08:00-10:00,27
IMD0501,FUNDAMENTOS PEDAGÓGICOS PARA A INFORMÁTICA EDUCACIONAL,60,,INSTITUTO METROPOLE DIGITAL,Informática Educacional,edu,T02,Prof. Gustavo Azevedo,Presencial,SEG/QUA 10:00-12:00,34
IMD0506,SISTEMAS COLABORATIVOS DE APOIO À APRENDIZAGEM,60,,INSTITUTO METROPOLE DIGITAL,Informática Educacional,edu,T03,Profa. Renata Bezerra,Hibrido,TER/QUI 08:00-10:00,41
IMD0511,INTELIGÊNCIA ARTIFICIAL APLICADA À EDUCAÇÃO,60,,INSTITUTO METROPOLE DIGITAL,Inteligência Artificial / Informática Educacional,"ia,edu",T01,Prof. Marcelo Fontes,Remoto,TER/QUI 10:00-12:00,18
IMD0521,FUNDAMENTOS DE JOGOS DIGITAIS,60,,INSTITUTO METROPOLE DIGITAL,Jogos Digitais,jogos,T02,Profa. Camila Nogueira,Presencial,SEG/QUA 14:00-16:00,25
IMD0522,JOGOS DIGITAIS COMO FERRAMENTA PEDAGÓGICA,60,,INSTITUTO METROPOLE DIGITAL,Jogos Digitais / Informática Educacional,"jogos,edu",T03,Prof. Rafael Andrade,Presencial,TER/QUI 14:00-16:00,32
IMD0523,TECNOLOGIAS EDUCACIONAIS,60,,INSTITUTO METROPOLE DIGITAL,Informática Educacional,edu,T01,Profa. Juliana Farias,Presencial,SEG/QUA 16:00-18:00,39
IMD0524,EDUCAÇÃO À DISTÂNCIA,60,,INSTITUTO METROPOLE DIGITAL,Informática Educacional,edu,T02,Prof. Thiago Medeiros,Hibrido,TER/QUI 16:00-18:00,16
IMD0525,ANÁLISE COMPUTACIONAL DA APRENDIZAGEM,60,,INSTITUTO METROPOLE DIGITAL,Informática Educacional,edu,T03,Profa. Larissa Dantas,Remoto,SEG/QUA 19:00-21:00,23
IMD0531,PRÁTICAS EDUCACIONAIS INOVADORAS COM TECNOLOGIAS DIGITAIS,60,,INSTITUTO METROPOLE DIGITAL,Informática Educacional,edu,T01,Prof. Eduardo Câmara,Presencial,TER/QUI 19:00-21:00,30
IMD0605,SEMINÁRIOS EM BIOINFORMÁTICA,30,,INSTITUTO METROPOLE DIGITAL,Bioinformática,bio,T02,Profa. Beatriz Pontes,Presencial,QUA/SEX 19:00-21:00,37
IMD0607,MODELAGEM E SIMULAÇÃO COMPUTACIONAL,60,,INSTITUTO METROPOLE DIGITAL,Inteligência Artificial / Bioinformática,"ia,bio",T03,Prof. Gustavo Azevedo,Presencial,SEG/QUA/SEX 08:00-09:40,44
IMD0611,APRENDIZADO DE MÁQUINA EM BIOINFORMÁTICA,60,,INSTITUTO METROPOLE DIGITAL,Bioinformática,bio,T01,Profa. Renata Bezerra,Hibrido,SEG/QUA 08:00-10:00,21
IMD0801,MECÂNICAS E BALANCEAMENTO DE JOGOS,60,,INSTITUTO METROPOLE DIGITAL,Jogos Digitais,jogos,T02,Prof. Marcelo Fontes,Remoto,SEG/QUA 10:00-12:00,28
IMD0802,DESIGN DE NÍVEIS DE JOGOS,60,IMD0801,INSTITUTO METROPOLE DIGITAL,Jogos Digitais,jogos,T03,Profa. Camila Nogueira,Presencial,TER/QUI 08:00-10:00,35
IMD0803,JOGOS SÉRIOS E SIMULAÇÕES,60,IMD0811,INSTITUTO METROPOLE DIGITAL,Jogos Digitais,jogos,T01,Prof. Rafael Andrade,Presencial,TER/QUI 10:00-12:00,42
IMD0811,MOTORES DE JOGOS DIGITAIS,60,IMD0030 OU DIM0110 OU IMD0025 OU DIM0120 OU DIM0176,INSTITUTO METROPOLE DIGITAL,Jogos Digitais,jogos,T02,Profa. Juliana Farias,Presencial,SEG/QUA 14:00-16:00,19
IMD0812,JOGOS EM REDE MULTIUSUÁRIOS,60,IMD0811 E ( IMD0043 OU DIM0438 OU IMD0031 OU DCA0113 ),INSTITUTO METROPOLE DIGITAL,Jogos Digitais,jogos,T03,Prof. Thiago Medeiros,Hibrido,TER/QUI 14:00-16:00,26
IMD0813,PROJETO INTEGRADO DE PRODUÇÃO DE JOGOS,60,( ( IMD0801 ) E ( IMD0811 ) ),INSTITUTO METROPOLE DIGITAL,Jogos Digitais,jogos,T01,Profa. Larissa Dantas,Remoto,SEG/QUA 16:00-18:00,33
IMD0821,TÉCNICAS AVANÇADAS PARA MOTORES DE JOGOS DIGITAIS,60,IMD0811,INSTITUTO METROPOLE DIGITAL,Jogos Digitais,jogos,T02,Prof. Eduardo Câmara,Presencial,TER/QUI 16:00-18:00,40
IMD0902,INTRODUÇÃO À INTERNET DAS COISAS,60,,INSTITUTO METROPOLE DIGITAL,Internet das Coisas,iot,T03,Profa. Beatriz Pontes,Presencial,SEG/QUA 19:00-21:00,17
IMD0904,PLATAFORMAS DE HARDWARE PARA INTERNET DAS COISAS,60,,INSTITUTO METROPOLE DIGITAL,Internet das Coisas,iot,T01,Prof. Gustavo Azevedo,Presencial,TER/QUI 19:00-21:00,24
IMD0907,TECNOLOGIAS DE COMUNICAÇÃO PARA INTERNET DAS COISAS,60,,INSTITUTO METROPOLE DIGITAL,Internet das Coisas,iot,T02,Profa. Renata Bezerra,Hibrido,QUA/SEX 19:00-21:00,31
IMD0911,APLICAÇÕES EM INTERNET DAS COISAS,60,,INSTITUTO METROPOLE DIGITAL,Internet das Coisas,iot,T03,Prof. Marcelo Fontes,Remoto,SEG/QUA/SEX 08:00-09:40,38
IMD1103,APRENDIZADO POR REFORÇO,60,IMD1101 OU DIM0416,INSTITUTO METROPOLE DIGITAL,Inteligência Artificial,ia,T01,Profa. Camila Nogueira,Presencial,SEG/QUA 08:00-10:00,15
IMD1107,PROCESSAMENTO DE LINGUAGEM NATURAL,60,IMD1101,INSTITUTO METROPOLE DIGITAL,Inteligência Artificial,ia,T02,Prof. Rafael Andrade,Presencial,SEG/QUA 10:00-12:00,22
IMD1112,ÉTICA E DADOS,60,,INSTITUTO METROPOLE DIGITAL,Inteligência Artificial / Ciência de Dados,"ia,dados",T03,Profa. Juliana Farias,Presencial,TER/QUI 08:00-10:00,29
IMD1113,PROBABILIDADE E INFERÊNCIA,60,IMD0024 E ( IMD1002 OU IMD0019 ),INSTITUTO METROPOLE DIGITAL,Inteligência Artificial / Ciência de Dados,"ia,dados",T01,Prof. Thiago Medeiros,Hibrido,TER/QUI 10:00-12:00,36
IMD1114,APRENDIZADO PROFUNDO,60,IMD1101,INSTITUTO METROPOLE DIGITAL,Inteligência Artificial,ia,T02,Profa. Larissa Dantas,Remoto,SEG/QUA 14:00-16:00,43
IMD1116,COMPUTAÇÃO DE ALTO DESEMPENHO,60,,INSTITUTO METROPOLE DIGITAL,Inteligência Artificial,ia,T03,Prof. Eduardo Câmara,Presencial,TER/QUI 14:00-16:00,20
IMD1123,TÓPICOS ESPECIAIS EM INTELIGÊNCIA COMPUTACIONAL D,60,,INSTITUTO METROPOLE DIGITAL,Inteligência Artificial / Ciência de Dados,"ia,dados",T01,Profa. Beatriz Pontes,Presencial,SEG/QUA 16:00-18:00,27
IMD1130,BANCOS DE DADOS NOSQL,60,,INSTITUTO METROPOLE DIGITAL,Ciência de Dados,dados,T02,Prof. Gustavo Azevedo,Presencial,TER/QUI 16:00-18:00,34
IMD1151,CIÊNCIAS DE DADOS,60,,INSTITUTO METROPOLE DIGITAL,Ciência de Dados / Internet das Coisas / Inovação e Empreendedorismo,"dados,iot,inov",T03,Profa. Renata Bezerra,Hibrido,SEG/QUA 19:00-21:00,41
IMD1153,ANÁLISE VISUAL DE DADOS,60,,INSTITUTO METROPOLE DIGITAL,Ciência de Dados,dados,T01,Prof. Marcelo Fontes,Remoto,TER/QUI 19:00-21:00,18
IMD1155,ANÁLISE DE REDES,60,,INSTITUTO METROPOLE DIGITAL,Ciência de Dados,dados,T02,Profa. Camila Nogueira,Presencial,QUA/SEX 19:00-21:00,25
IMD1301,EMPREENDEDORISMO E FORMAÇÃO EMPREENDEDORA,60,,INSTITUTO METROPOLE DIGITAL,Inovação e Empreendedorismo,inov,T03,Prof. Rafael Andrade,Presencial,SEG/QUA/SEX 08:00-09:40,32
IMD1303,ESTUDOS DE MERCADO,60,,INSTITUTO METROPOLE DIGITAL,Inovação e Empreendedorismo,inov,T01,Profa. Juliana Farias,Presencial,SEG/QUA 08:00-10:00,39
IMD1305,GESTÃO E INOVAÇÃO E ATRAÇÃO DE CAPITAL,30,,INSTITUTO METROPOLE DIGITAL,Inovação e Empreendedorismo,inov,T02,Prof. Thiago Medeiros,Hibrido,SEG/QUA 10:00-12:00,16
IMD1306,GESTÃO DE PROJETOS E METODOLOGIAS ÁGEIS,60,,INSTITUTO METROPOLE DIGITAL,Inovação e Empreendedorismo,inov,T03,Profa. Larissa Dantas,Remoto,TER/QUI 08:00-10:00,23
IMD1307,LANÇAMENTO DE STARTUPS I,60,,INSTITUTO METROPOLE DIGITAL,Inovação e Empreendedorismo,inov,T01,Prof. Eduardo Câmara,Presencial,TER/QUI 10:00-12:00,30
IMD1308,LANÇAMENTO DE STARTUPS II,60,( ( IMD1307 ) OU ( IMD1316 ) ),INSTITUTO METROPOLE DIGITAL,Inovação e Empreendedorismo,inov,T02,Profa. Beatriz Pontes,Presencial,SEG/QUA 14:00-16:00,37
IMD1309,TRANSFORMAÇÃO DIGITAL,60,,INSTITUTO METROPOLE DIGITAL,Inteligência Artificial / Inovação e Empreendedorismo,"ia,inov",T03,Prof. Gustavo Azevedo,Presencial,TER/QUI 14:00-16:00,44
IMD1312,TÓPICOS ESPECIAIS EM INOVAÇÃO E EMPREENDEDORISMO C,60,,INSTITUTO METROPOLE DIGITAL,Inovação e Empreendedorismo,inov,T01,Profa. Renata Bezerra,Hibrido,SEG/QUA 16:00-18:00,21
IMD1320,PROCESSO CRIATIVO,60,,INSTITUTO METROPOLE DIGITAL,Inovação e Empreendedorismo,inov,T02,Prof. Marcelo Fontes,Remoto,TER/QUI 16:00-18:00,28
